<?xml version="1.0" encoding="UTF-8"?>
<project-private xmlns="http://www.netbeans.org/ns/project-private/1">
    <editor-bookmarks xmlns="http://www.netbeans.org/ns/editor-bookmarks/2" lastBookmarkId="0"/>
    <open-files xmlns="http://www.netbeans.org/ns/projectui-open-files/2">
        <group>
            <file>file:/C:/Users/whitb/OneDrive/Desktop/NetBeansProjects/IceTask3/src/icetask3/ProcessWorkout.java</file>
            <file>file:/C:/Users/whitb/OneDrive/Desktop/NetBeansProjects/IceTask3/src/icetask3/IceTask3.java</file>
            <file>file:/C:/Users/whitb/OneDrive/Desktop/NetBeansProjects/IceTask3/src/icetask3/WorkoutApplication.java</file>
        </group>
    </open-files>
</project-private>
